--Taller 4.1.1 - CON PRODUCTO para bodeguero
/* ================================================================
   TALLER 4.1.1 - CONCURRENCIA Y TRANSACCIONALIDAD
   Esquema base: USERDBII
   Usuario adicional: BD2 (rol BODEGUERO)
   ================================================================ */

/* 
   IMPORTANTE:
   - ESTE SCRIPT ESTÁ DIVIDIDO POR SECCIONES.
   - LEE LOS COMENTARIOS DE "EJECUTAR COMO ..." ANTES DE LANZAR CADA BLOQUE.
*/


/* ================================================================
   SECCIÓN A: MODELO BASE DEL SISTEMA (EJECUTAR COMO USERDBII)
   Incluye:
   - BODEGA
   - PRODUCTO
   - BODEGA_PRODUCTO
   - CLIENTE, PEDIDOCLIENTE, PRODUCTO_PEDCLI, PAGO
   - Carga de datos
   ================================================================ */

-- Conectarse como USERDBII
-- CONNECT USERDBII/tu_clave;

-------------------------
-- 1) Limpieza previa
-------------------------
DROP TABLE PRODUCTO_PEDCLI CASCADE CONSTRAINTS;
DROP TABLE PAGO            CASCADE CONSTRAINTS;
DROP TABLE PEDIDOCLIENTE   CASCADE CONSTRAINTS;
DROP TABLE CLIENTE         CASCADE CONSTRAINTS;

DROP TABLE BODEGA_PRODUCTO CASCADE CONSTRAINTS;
DROP TABLE PRODUCTO        CASCADE CONSTRAINTS;
DROP TABLE BODEGA          CASCADE CONSTRAINTS;
/

-------------------------
-- 2) Tablas de bodegas y productos
-------------------------

-- TABLA BODEGA
CREATE TABLE BODEGA (
  BOD_CODIGO      VARCHAR2(4)    NOT NULL,
  BOD_DESCRIPCION VARCHAR2(60),
  CONSTRAINT PK_BODEGA PRIMARY KEY (BOD_CODIGO)
);
/

-- TABLA PRODUCTO
-- NOTA: se deja una estructura "completa" para que sirva
-- tanto al taller de bodega como al taller de pedidos.
CREATE TABLE PRODUCTO (
  PRD_CODIGO      VARCHAR2(12)   NOT NULL,
  PRD_NOMBRE      VARCHAR2(60),
  PRD_DESCRIPCION VARCHAR2(200),
  PRD_PRECIO      NUMBER(8,2),
  PRD_EXISTENCIA  NUMBER(10,2),
  CONSTRAINT PK_PRODUCTO PRIMARY KEY (PRD_CODIGO)
);
/

-- TABLA INTERMEDIA BODEGA_PRODUCTO
CREATE TABLE BODEGA_PRODUCTO (
  BOD_CODIGO     VARCHAR2(4)  NOT NULL,
  PRD_CODIGO     VARCHAR2(12) NOT NULL,
  PRB_EXISTENCIA NUMBER(10,2),
  CONSTRAINT PK_BODEGA_PRODUCTO PRIMARY KEY (BOD_CODIGO, PRD_CODIGO),
  CONSTRAINT FK_BP_BODEGA   FOREIGN KEY (BOD_CODIGO) REFERENCES BODEGA(BOD_CODIGO),
  CONSTRAINT FK_BP_PRODUCTO FOREIGN KEY (PRD_CODIGO) REFERENCES PRODUCTO(PRD_CODIGO)
);
/

-- Comentarios (opcional)
COMMENT ON TABLE BODEGA IS 'Entidad que almacena información de las bodegas';
COMMENT ON TABLE PRODUCTO IS 'Entidad que almacena los productos';
COMMENT ON TABLE BODEGA_PRODUCTO IS 'Relación N:N entre bodega y producto';
/

-------------------------
-- 3) Tablas de clientes y pedidos
-------------------------

-- CLIENTE
CREATE TABLE CLIENTE (
  CLI_CED_RUC   VARCHAR2(13)   NOT NULL,
  CLI_NOMBRE    VARCHAR2(100),
  CLI_DIRECCION VARCHAR2(200),
  CLI_TELEFONO  VARCHAR2(20),
  CLI_EMAIL     VARCHAR2(100),
  CONSTRAINT PK_CLIENTE PRIMARY KEY (CLI_CED_RUC)
);
/

-- PEDIDOCLIENTE
CREATE TABLE PEDIDOCLIENTE (
  PED_NUMERO  NUMBER(10)   NOT NULL,
  CLI_CED_RUC VARCHAR2(13) NOT NULL,
  PED_FECHA   DATE,
  PED_ESTADO  VARCHAR2(20),
  CONSTRAINT PK_PEDIDOCLIENTE PRIMARY KEY (PED_NUMERO),
  CONSTRAINT FK_PEDCLI_CLIENTE FOREIGN KEY (CLI_CED_RUC)
    REFERENCES CLIENTE(CLI_CED_RUC)
);
/

-- PRODUCTO_PEDCLI (tabla intermedia producto-pedido)
CREATE TABLE PRODUCTO_PEDCLI (
  PRD_CODIGO   VARCHAR2(12) NOT NULL,
  PED_NUMERO   NUMBER(10)   NOT NULL,
  PPC_CANTIDAD NUMBER(10,2),
  CONSTRAINT PK_PRODUCTO_PEDCLI PRIMARY KEY (PRD_CODIGO, PED_NUMERO),
  CONSTRAINT FK_PPC_PRODUCTO FOREIGN KEY (PRD_CODIGO)
    REFERENCES PRODUCTO(PRD_CODIGO),
  CONSTRAINT FK_PPC_PEDIDO FOREIGN KEY (PED_NUMERO)
    REFERENCES PEDIDOCLIENTE(PED_NUMERO)
);
/

-- PAGO
CREATE TABLE PAGO (
  PAG_CODIGO VARCHAR2(10) NOT NULL,
  PED_NUMERO NUMBER(10)   NOT NULL,
  PAG_MONTO  NUMBER(10,2),
  PAG_FECHA  DATE,
  CONSTRAINT PK_PAGO PRIMARY KEY (PAG_CODIGO),
  CONSTRAINT FK_PAGO_PEDIDO FOREIGN KEY (PED_NUMERO)
    REFERENCES PEDIDOCLIENTE(PED_NUMERO)
);
/

-------------------------
-- 4) Carga de datos BODEGA / PRODUCTO / BODEGA_PRODUCTO
-------------------------

-- 4.1 Inserción de las 5 bodegas
INSERT INTO BODEGA VALUES ('B001','Bodega Uno');
INSERT INTO BODEGA VALUES ('B002','Bodega Dos');
INSERT INTO BODEGA VALUES ('B003','Bodega Tres');
INSERT INTO BODEGA VALUES ('B004','Bodega Cuatro');
INSERT INTO BODEGA VALUES ('B005','Bodega Cinco');

-- 4.2 Añadir 1000 productos "genéricos" (para pruebas de rendimiento)
BEGIN
  FOR i IN 1..1000 LOOP
    INSERT INTO PRODUCTO (prd_codigo, prd_descripcion, prd_precio) 
    VALUES ('P' || TO_CHAR(i,'FM0000'),
            'Producto ' || i,
            ROUND(DBMS_RANDOM.VALUE(10,500),2));
  END LOOP;
END;
/

-- 4.3 Llenar la tabla BODEGA_PRODUCTO con existencias aleatorias
BEGIN
  FOR b IN (SELECT bod_codigo FROM BODEGA) LOOP
    FOR p IN (SELECT prd_codigo FROM PRODUCTO) LOOP
      INSERT INTO BODEGA_PRODUCTO (bod_codigo, prd_codigo, prb_existencia) 
      VALUES (b.bod_codigo, p.prd_codigo, ROUND(DBMS_RANDOM.VALUE(0,1000),2));
    END LOOP;
  END LOOP;
END;
/

-------------------------
-- 5) Carga de datos de CLIENTE y PRODUCTO "reales" del taller
-------------------------

-- 5.1 Inserción de CLIENTES
INSERT INTO CLIENTE VALUES ('0102030405001', 'Juan Pérez', 'Av. Siempre Viva 123', '0991112222', 'juan.perez@mail.com');
INSERT INTO CLIENTE VALUES ('0102030405002', 'Ana Gómez', 'Calle Principal 456', '0993334444', 'ana.gomez@mail.com');
INSERT INTO CLIENTE VALUES ('0102030405003', 'Pedro Sánchez', 'Av. Amazonas 789', '0995556666', 'pedro.sanchez@mail.com');
INSERT INTO CLIENTE VALUES ('0102030405004', 'Luis Torres', 'Calle 1 234', '0997778888', 'luis.torres@mail.com');
INSERT INTO CLIENTE VALUES ('0102030405005', 'Sofía Morales', 'Calle 2 456', '0999990000', 'sofia.morales@mail.com');
INSERT INTO CLIENTE VALUES ('0102030405006', 'Carlos Ruiz', 'Av. Oriente 789', '0981112222', 'carlos.ruiz@mail.com');
INSERT INTO CLIENTE VALUES ('0102030405007', 'María López', 'Av. Central 123', '0983334444', 'maria.lopez@mail.com');
INSERT INTO CLIENTE VALUES ('0102030405008', 'Andrés Vega', 'Calle Secundaria 456', '0985556666', 'andres.vega@mail.com');
INSERT INTO CLIENTE VALUES ('0102030405009', 'Diana Ramírez', 'Av. Sur 789', '0987778888', 'diana.ramirez@mail.com');
INSERT INTO CLIENTE VALUES ('0102030405010', 'Jorge Salazar', 'Calle Oeste 123', '0989990000', 'jorge.salazar@mail.com');
INSERT INTO CLIENTE VALUES ('0102030405011', 'Paola Ortiz', 'Av. Norte 234', '0971112222', 'paola.ortiz@mail.com');
INSERT INTO CLIENTE VALUES ('0102030405012', 'David Cordero', 'Av. Centro 345', '0973334444', 'david.cordero@mail.com');
INSERT INTO CLIENTE VALUES ('0102030405013', 'Camila Herrera', 'Calle Este 456', '0975556666', 'camila.herrera@mail.com');
INSERT INTO CLIENTE VALUES ('0102030405014', 'Ricardo Vaca', 'Av. Central 567', '0977778888', 'ricardo.vaca@mail.com');
INSERT INTO CLIENTE VALUES ('0102030405015', 'Laura Fernández', 'Calle Nueva 678', '0979990000', 'laura.fernandez@mail.com');
INSERT INTO CLIENTE VALUES ('0102030405016', 'Felipe Benítez', 'Av. Lateral 123', '0961112222', 'felipe.benitez@mail.com');
INSERT INTO CLIENTE VALUES ('0102030405017', 'Isabel Castillo', 'Av. Esquina 234', '0963334444', 'isabel.castillo@mail.com');
INSERT INTO CLIENTE VALUES ('0102030405018', 'Diego Mendoza', 'Calle Norte 345', '0965556666', 'diego.mendoza@mail.com');
INSERT INTO CLIENTE VALUES ('0102030405019', 'Rosa Guzmán', 'Av. Sur 456', '0967778888', 'rosa.guzman@mail.com');
INSERT INTO CLIENTE VALUES ('0102030405020', 'Tomás Paredes', 'Calle Céntrica 567', '0969990000', 'tomas.paredes@mail.com');

-- 5.2 Inserción de productos con existencia (usamos PRD_NOMBRE y PRD_EXISTENCIA)
INSERT INTO PRODUCTO (PRD_CODIGO, PRD_NOMBRE, PRD_PRECIO, PRD_EXISTENCIA) VALUES ('P001', 'Lápiz', 0.50, 100);
INSERT INTO PRODUCTO (PRD_CODIGO, PRD_NOMBRE, PRD_PRECIO, PRD_EXISTENCIA) VALUES ('P002', 'Cuaderno', 1.20, 200);
INSERT INTO PRODUCTO (PRD_CODIGO, PRD_NOMBRE, PRD_PRECIO, PRD_EXISTENCIA) VALUES ('P003', 'Borrador', 0.30, 150);
INSERT INTO PRODUCTO (PRD_CODIGO, PRD_NOMBRE, PRD_PRECIO, PRD_EXISTENCIA) VALUES ('P004', 'Bolígrafo', 0.80, 300);
INSERT INTO PRODUCTO (PRD_CODIGO, PRD_NOMBRE, PRD_PRECIO, PRD_EXISTENCIA) VALUES ('P005', 'Regla', 0.60, 100);
INSERT INTO PRODUCTO (PRD_CODIGO, PRD_NOMBRE, PRD_PRECIO, PRD_EXISTENCIA) VALUES ('P006', 'Tijera', 1.50, 50);
INSERT INTO PRODUCTO (PRD_CODIGO, PRD_NOMBRE, PRD_PRECIO, PRD_EXISTENCIA) VALUES ('P007', 'Pegamento', 1.00, 120);
INSERT INTO PRODUCTO (PRD_CODIGO, PRD_NOMBRE, PRD_PRECIO, PRD_EXISTENCIA) VALUES ('P008', 'Cartulina', 0.90, 80);
INSERT INTO PRODUCTO (PRD_CODIGO, PRD_NOMBRE, PRD_PRECIO, PRD_EXISTENCIA) VALUES ('P009', 'Marcador', 1.20, 70);
INSERT INTO PRODUCTO (PRD_CODIGO, PRD_NOMBRE, PRD_PRECIO, PRD_EXISTENCIA) VALUES ('P010', 'Crayones', 2.50, 60);
INSERT INTO PRODUCTO (PRD_CODIGO, PRD_NOMBRE, PRD_PRECIO, PRD_EXISTENCIA) VALUES ('P011', 'Sacapuntas', 0.40, 250);
INSERT INTO PRODUCTO (PRD_CODIGO, PRD_NOMBRE, PRD_PRECIO, PRD_EXISTENCIA) VALUES ('P012', 'Hojas', 0.10, 500);
INSERT INTO PRODUCTO (PRD_CODIGO, PRD_NOMBRE, PRD_PRECIO, PRD_EXISTENCIA) VALUES ('P013', 'Carpeta', 1.80, 40);
INSERT INTO PRODUCTO (PRD_CODIGO, PRD_NOMBRE, PRD_PRECIO, PRD_EXISTENCIA) VALUES ('P014', 'Plumones', 2.00, 35);
INSERT INTO PRODUCTO (PRD_CODIGO, PRD_NOMBRE, PRD_PRECIO, PRD_EXISTENCIA) VALUES ('P015', 'Corrector', 1.10, 90);
INSERT INTO PRODUCTO (PRD_CODIGO, PRD_NOMBRE, PRD_PRECIO, PRD_EXISTENCIA) VALUES ('P016', 'Cuadro', 3.00, 15);
INSERT INTO PRODUCTO (PRD_CODIGO, PRD_NOMBRE, PRD_PRECIO, PRD_EXISTENCIA) VALUES ('P017', 'Libro', 5.00, 20);
INSERT INTO PRODUCTO (PRD_CODIGO, PRD_NOMBRE, PRD_PRECIO, PRD_EXISTENCIA) VALUES ('P018', 'Bloc', 1.90, 30);
INSERT INTO PRODUCTO (PRD_CODIGO, PRD_NOMBRE, PRD_PRECIO, PRD_EXISTENCIA) VALUES ('P019', 'Cinta Adhesiva', 0.70, 300);
INSERT INTO PRODUCTO (PRD_CODIGO, PRD_NOMBRE, PRD_PRECIO, PRD_EXISTENCIA) VALUES ('P020', 'Papel Bond', 2.80, 70);
INSERT INTO PRODUCTO (PRD_CODIGO, PRD_NOMBRE, PRD_PRECIO, PRD_EXISTENCIA) VALUES ('P021', 'Calculadora', 12.00, 15);
INSERT INTO PRODUCTO (PRD_CODIGO, PRD_NOMBRE, PRD_PRECIO, PRD_EXISTENCIA) VALUES ('P022', 'USB', 10.00, 50);
INSERT INTO PRODUCTO (PRD_CODIGO, PRD_NOMBRE, PRD_PRECIO, PRD_EXISTENCIA) VALUES ('P023', 'Disco Duro', 70.00, 10);
INSERT INTO PRODUCTO (PRD_CODIGO, PRD_NOMBRE, PRD_PRECIO, PRD_EXISTENCIA) VALUES ('P024', 'Mouse', 5.00, 40);
INSERT INTO PRODUCTO (PRD_CODIGO, PRD_NOMBRE, PRD_PRECIO, PRD_EXISTENCIA) VALUES ('P025', 'Teclado', 8.00, 20);
INSERT INTO PRODUCTO (PRD_CODIGO, PRD_NOMBRE, PRD_PRECIO, PRD_EXISTENCIA) VALUES ('P026', 'Monitor', 120.00, 5);
INSERT INTO PRODUCTO (PRD_CODIGO, PRD_NOMBRE, PRD_PRECIO, PRD_EXISTENCIA) VALUES ('P027', 'CPU', 350.00, 5);
INSERT INTO PRODUCTO (PRD_CODIGO, PRD_NOMBRE, PRD_PRECIO, PRD_EXISTENCIA) VALUES ('P028', 'Silla', 85.00, 10);
INSERT INTO PRODUCTO (PRD_CODIGO, PRD_NOMBRE, PRD_PRECIO, PRD_EXISTENCIA) VALUES ('P029', 'Escritorio', 150.00, 3);
INSERT INTO PRODUCTO (PRD_CODIGO, PRD_NOMBRE, PRD_PRECIO, PRD_EXISTENCIA) VALUES ('P030', 'Mochila', 25.00, 25);

-------------------------
-- 6) Carga de PEDIDOCLIENTE, PRODUCTO_PEDCLI y PAGO
-------------------------

INSERT INTO PEDIDOCLIENTE (PED_NUMERO, CLI_CED_RUC, PED_FECHA, PED_ESTADO) VALUES (1,  '0102030405001', SYSDATE - 10, 'PENDIENTE');
INSERT INTO PEDIDOCLIENTE (PED_NUMERO, CLI_CED_RUC, PED_FECHA, PED_ESTADO) VALUES (2,  '0102030405001', SYSDATE - 9,  'PENDIENTE');
INSERT INTO PEDIDOCLIENTE (PED_NUMERO, CLI_CED_RUC, PED_FECHA, PED_ESTADO) VALUES (3,  '0102030405001', SYSDATE - 8,  'ENTREGADO');
INSERT INTO PEDIDOCLIENTE (PED_NUMERO, CLI_CED_RUC, PED_FECHA, PED_ESTADO) VALUES (4,  '0102030405001', SYSDATE - 7,  'CANCELADO');
INSERT INTO PEDIDOCLIENTE (PED_NUMERO, CLI_CED_RUC, PED_FECHA, PED_ESTADO) VALUES (5,  '0102030405001', SYSDATE - 6,  'PENDIENTE');
INSERT INTO PEDIDOCLIENTE (PED_NUMERO, CLI_CED_RUC, PED_FECHA, PED_ESTADO) VALUES (6,  '0102030405002', SYSDATE - 5,  'ENTREGADO');
INSERT INTO PEDIDOCLIENTE (PED_NUMERO, CLI_CED_RUC, PED_FECHA, PED_ESTADO) VALUES (7,  '0102030405002', SYSDATE - 4,  'PENDIENTE');
INSERT INTO PEDIDOCLIENTE (PED_NUMERO, CLI_CED_RUC, PED_FECHA, PED_ESTADO) VALUES (8,  '0102030405002', SYSDATE - 3,  'ENTREGADO');
INSERT INTO PEDIDOCLIENTE (PED_NUMERO, CLI_CED_RUC, PED_FECHA, PED_ESTADO) VALUES (9,  '0102030405002', SYSDATE - 2,  'CANCELADO');
INSERT INTO PEDIDOCLIENTE (PED_NUMERO, CLI_CED_RUC, PED_FECHA, PED_ESTADO) VALUES (10, '0102030405002', SYSDATE - 1,  'PENDIENTE');
INSERT INTO PEDIDOCLIENTE (PED_NUMERO, CLI_CED_RUC, PED_FECHA, PED_ESTADO) VALUES (11, '0102030405003', SYSDATE - 10, 'PENDIENTE');
INSERT INTO PEDIDOCLIENTE (PED_NUMERO, CLI_CED_RUC, PED_FECHA, PED_ESTADO) VALUES (12, '0102030405003', SYSDATE - 9,  'PENDIENTE');
INSERT INTO PEDIDOCLIENTE (PED_NUMERO, CLI_CED_RUC, PED_FECHA, PED_ESTADO) VALUES (13, '0102030405003', SYSDATE - 8,  'ENTREGADO');
INSERT INTO PEDIDOCLIENTE (PED_NUMERO, CLI_CED_RUC, PED_FECHA, PED_ESTADO) VALUES (14, '0102030405004', SYSDATE - 7,  'CANCELADO');
INSERT INTO PEDIDOCLIENTE (PED_NUMERO, CLI_CED_RUC, PED_FECHA, PED_ESTADO) VALUES (15, '0102030405004', SYSDATE - 6,  'PENDIENTE');
INSERT INTO PEDIDOCLIENTE (PED_NUMERO, CLI_CED_RUC, PED_FECHA, PED_ESTADO) VALUES (16, '0102030405004', SYSDATE - 5,  'ENTREGADO');
INSERT INTO PEDIDOCLIENTE (PED_NUMERO, CLI_CED_RUC, PED_FECHA, PED_ESTADO) VALUES (17, '0102030405005', SYSDATE - 4,  'PENDIENTE');
INSERT INTO PEDIDOCLIENTE (PED_NUMERO, CLI_CED_RUC, PED_FECHA, PED_ESTADO) VALUES (18, '0102030405005', SYSDATE - 3,  'ENTREGADO');
INSERT INTO PEDIDOCLIENTE (PED_NUMERO, CLI_CED_RUC, PED_FECHA, PED_ESTADO) VALUES (19, '0102030405005', SYSDATE - 2,  'CANCELADO');
INSERT INTO PEDIDOCLIENTE (PED_NUMERO, CLI_CED_RUC, PED_FECHA, PED_ESTADO) VALUES (20, '0102030405005', SYSDATE - 1,  'PENDIENTE');

INSERT INTO PRODUCTO_PEDCLI (PRD_CODIGO, PED_NUMERO, PPC_CANTIDAD) VALUES ('P001', 1, 10.00);
INSERT INTO PRODUCTO_PEDCLI (PRD_CODIGO, PED_NUMERO, PPC_CANTIDAD) VALUES ('P002', 1, 5.00);
INSERT INTO PRODUCTO_PEDCLI (PRD_CODIGO, PED_NUMERO, PPC_CANTIDAD) VALUES ('P003', 1, 2.00);
INSERT INTO PRODUCTO_PEDCLI (PRD_CODIGO, PED_NUMERO, PPC_CANTIDAD) VALUES ('P004', 1, 8.00);
INSERT INTO PRODUCTO_PEDCLI (PRD_CODIGO, PED_NUMERO, PPC_CANTIDAD) VALUES ('P005', 2, 3.00);
INSERT INTO PRODUCTO_PEDCLI (PRD_CODIGO, PED_NUMERO, PPC_CANTIDAD) VALUES ('P006', 2, 1.00);
INSERT INTO PRODUCTO_PEDCLI (PRD_CODIGO, PED_NUMERO, PPC_CANTIDAD) VALUES ('P007', 2, 4.00);
INSERT INTO PRODUCTO_PEDCLI (PRD_CODIGO, PED_NUMERO, PPC_CANTIDAD) VALUES ('P008', 2, 6.00);
INSERT INTO PRODUCTO_PEDCLI (PRD_CODIGO, PED_NUMERO, PPC_CANTIDAD) VALUES ('P009', 3, 10.00);
INSERT INTO PRODUCTO_PEDCLI (PRD_CODIGO, PED_NUMERO, PPC_CANTIDAD) VALUES ('P010', 3, 5.00);
INSERT INTO PRODUCTO_PEDCLI (PRD_CODIGO, PED_NUMERO, PPC_CANTIDAD) VALUES ('P011', 3, 2.00);
INSERT INTO PRODUCTO_PEDCLI (PRD_CODIGO, PED_NUMERO, PPC_CANTIDAD) VALUES ('P012', 3, 8.00);
INSERT INTO PRODUCTO_PEDCLI (PRD_CODIGO, PED_NUMERO, PPC_CANTIDAD) VALUES ('P013', 4, 3.00);
INSERT INTO PRODUCTO_PEDCLI (PRD_CODIGO, PED_NUMERO, PPC_CANTIDAD) VALUES ('P014', 4, 1.00);
INSERT INTO PRODUCTO_PEDCLI (PRD_CODIGO, PED_NUMERO, PPC_CANTIDAD) VALUES ('P015', 4, 4.00);
INSERT INTO PRODUCTO_PEDCLI (PRD_CODIGO, PED_NUMERO, PPC_CANTIDAD) VALUES ('P016', 4, 6.00);

INSERT INTO PAGO (PAG_CODIGO, PED_NUMERO, PAG_MONTO, PAG_FECHA) VALUES ('PAG001', 1, 50.00, SYSDATE - 5);
INSERT INTO PAGO (PAG_CODIGO, PED_NUMERO, PAG_MONTO, PAG_FECHA) VALUES ('PAG002', 2, 70.00, SYSDATE - 4);
INSERT INTO PAGO (PAG_CODIGO, PED_NUMERO, PAG_MONTO, PAG_FECHA) VALUES ('PAG003', 3, 100.00, SYSDATE - 3);
INSERT INTO PAGO (PAG_CODIGO, PED_NUMERO, PAG_MONTO, PAG_FECHA) VALUES ('PAG004', 4, 40.00, SYSDATE - 2);
INSERT INTO PAGO (PAG_CODIGO, PED_NUMERO, PAG_MONTO, PAG_FECHA) VALUES ('PAG005', 5, 60.00, SYSDATE - 1);
INSERT INTO PAGO (PAG_CODIGO, PED_NUMERO, PAG_MONTO, PAG_FECHA) VALUES ('PAG006', 6, 50.00, SYSDATE - 6);
INSERT INTO PAGO (PAG_CODIGO, PED_NUMERO, PAG_MONTO, PAG_FECHA) VALUES ('PAG007', 7, 70.00, SYSDATE - 7);
INSERT INTO PAGO (PAG_CODIGO, PED_NUMERO, PAG_MONTO, PAG_FECHA) VALUES ('PAG008', 8, 100.00, SYSDATE - 8);
INSERT INTO PAGO (PAG_CODIGO, PED_NUMERO, PAG_MONTO, PAG_FECHA) VALUES ('PAG009', 9, 40.00, SYSDATE - 9);
INSERT INTO PAGO (PAG_CODIGO, PED_NUMERO, PAG_MONTO, PAG_FECHA) VALUES ('PAG010', 10, 60.00, SYSDATE - 10);

COMMIT;
-- FIN SECCIÓN A (modelo y datos base)


/* ================================================================
   SECCIÓN B: USUARIO BD2 Y ROLES (EJECUTAR COMO SYS / SYSTEM)
   ================================================================ */

-- Conectarse como SYS / SYSTEM (o usuario con privilegios de DBA)
-- CONNECT SYS/tu_clave AS SYSDBA;

ALTER SESSION SET "_ORACLE_SCRIPT"=TRUE;

-- CREACIÓN DEL USUARIO BD2 (ajusta TABLESPACE y PASSWORD a tu entorno)
CREATE USER BD2 
  IDENTIFIED BY lticPUCE24 
  DEFAULT TABLESPACE AULA
  QUOTA UNLIMITED ON AULA;
/

GRANT CONNECT, RESOURCE, CREATE SESSION TO BD2;
/

-- CREACIÓN DE ROL BODEGUERO
CREATE ROLE BODEGUERO;
/

-- Permisos al rol sobre tablas de USERDBII
GRANT INSERT, SELECT, UPDATE ON USERDBII.PRODUCTO        TO BODEGUERO;
GRANT INSERT, SELECT, UPDATE ON USERDBII.BODEGA          TO BODEGUERO;
GRANT INSERT, SELECT, UPDATE ON USERDBII.BODEGA_PRODUCTO TO BODEGUERO;

-- Permisos para trabajar con clientes y pedidos
GRANT INSERT, SELECT, UPDATE ON USERDBII.CLIENTE         TO BODEGUERO;
GRANT INSERT, SELECT, UPDATE ON USERDBII.PEDIDOCLIENTE   TO BODEGUERO;
GRANT INSERT, SELECT, UPDATE ON USERDBII.PRODUCTO_PEDCLI TO BODEGUERO;
GRANT INSERT, SELECT, UPDATE ON USERDBII.PAGO            TO BODEGUERO;

-- Asignar el rol al usuario BD2
GRANT BODEGUERO TO BD2;
/

-- Si quieres permisos adicionales directos (como en tu ejemplo de clase):
GRANT INSERT, SELECT, UPDATE ON USERDBII.CLIENTE TO BD2;
/

/* ================================================================
   *** A PARTIR DE AQUÍ COMIENZA EL TALLER DE CONCURRENCIA ***
   SECCIÓN C: TRANSACCIONES Y CONCURRENCIA
   - Usar DOS SESIONES:
     Sesión 1: USERDBII
     Sesión 2: BD2
   ================================================================ */

--------------------------------------------------------------
-- C.1) CONSTRAINTS SOBRE EXISTENCIAS (EJECUTAR COMO USERDBII)
--------------------------------------------------------------

-- Ver constraints existentes
DESC USER_CONSTRAINTS;

SELECT CONSTRAINT_NAME, CONSTRAINT_TYPE, SEARCH_CONDITION
FROM   USER_CONSTRAINTS
WHERE  TABLE_NAME = 'PRODUCTO';

-- Añadimos constraint para no permitir existencias negativas
ALTER TABLE PRODUCTO
  ADD CONSTRAINT CHK_PRD_EXISTENCIA_POSITIVA
  CHECK (PRD_EXISTENCIA >= 0);
/

-- (Opcional) También sobre BODEGA_PRODUCTO
ALTER TABLE BODEGA_PRODUCTO
  ADD CONSTRAINT CHK_PRB_EXISTENCIA_POSITIVA
  CHECK (PRB_EXISTENCIA >= 0);
/

---------------------------------------------
-- C.2) DEMO DE ISLAMIENTO ENTRE USUARIOS
---------------------------------------------
-- En USERDBII (Sesión 1):
-- Aumentar existencia de un producto SIN hacer commit todavía

-- Sesión 1 (USERDBII)
-- UPDATE sin commit
UPDATE PRODUCTO 
SET    PRD_EXISTENCIA = PRD_EXISTENCIA + 50
WHERE  PRD_CODIGO = 'P001';

-- Ver valor en USERDBII (se ve el nuevo valor)
SELECT PRD_CODIGO, PRD_NOMBRE, PRD_EXISTENCIA
FROM   PRODUCTO
WHERE  PRD_CODIGO = 'P001';

-- Sesión 2 (BD2)
-- Conectarse como BD2
-- CONNECT BD2/lticPUCE24;

-- Ver el mismo producto desde BD2 (NO debería ver el cambio hasta que haya COMMIT)
SELECT PRD_CODIGO, PRD_NOMBRE, PRD_EXISTENCIA
FROM   USERDBII.PRODUCTO
WHERE  PRD_CODIGO = 'P001';

-- Ahora en USERDBII hacer COMMIT y volver a consultar en BD2 para ver que cambia
-- COMMIT;


----------------------------------------------------
-- C.3) BLOQUEO EXPLÍCITO CON DBMS_LOCK.SLEEP
----------------------------------------------------

-- Sesión 1 (USERDBII): proceso largo que bloquea el producto P001
SET SERVEROUTPUT ON;

BEGIN 
    UPDATE PRODUCTO 
    SET    PRD_EXISTENCIA = PRD_EXISTENCIA - 30 
    WHERE  PRD_CODIGO = 'P001';

    DBMS_LOCK.SLEEP(40);  -- Se queda en espera 40 seg

    COMMIT;

    DBMS_OUTPUT.PUT_LINE('USERDBII: Usuario modificó producto P001');
END;
/
-- Mientras se ejecuta el SLEEP, ir a la Sesión 2 (BD2)

-- Sesión 2 (BD2): intenta actualizar el mismo producto
UPDATE USERDBII.PRODUCTO
SET    PRD_EXISTENCIA = PRD_EXISTENCIA + 80
WHERE  PRD_CODIGO = 'P001';
-- Esta sentencia se quedará bloqueada hasta que termine la transacción de USERDBII.


--------------------------------------------------------
-- C.4) MANEJO DE ERRORES EN TRANSACCIONES (EN BD2)
--------------------------------------------------------

-- Ahora probamos una transacción que intenta dejar en negativo la existencia
-- Sesión 2 (BD2)
SET SERVEROUTPUT ON;

BEGIN
    UPDATE USERDBII.PRODUCTO
    SET    PRD_EXISTENCIA = PRD_EXISTENCIA - 500
    WHERE  PRD_CODIGO = 'P001';

    UPDATE USERDBII.PRODUCTO
    SET    PRD_EXISTENCIA = PRD_EXISTENCIA - 20
    WHERE  PRD_CODIGO = 'P002';

    COMMIT;
    DBMS_OUTPUT.PUT_LINE('BD2: Transacción completada correctamente');
EXCEPTION 
    WHEN OTHERS THEN
        ROLLBACK;
        DBMS_OUTPUT.PUT_LINE(
          'ERROR: ' || SQLERRM || ' - Rollback automático ejecutado'
        );
END;
/

-- Verificamos desde USERDBII que NO se hicieron cambios si hubo error
-- (es decir, atomicidad de la transacción)
-- Sesión 1 (USERDBII):
SELECT PRD_CODIGO, PRD_NOMBRE, PRD_EXISTENCIA
FROM   PRODUCTO
WHERE  PRD_CODIGO IN ('P001', 'P002');


--------------------------------------------------------
-- C.5) CONSULTA A V$SQL PARA VER TRANSACCIONES (DBA)
--------------------------------------------------------
-- (Requiere permisos adecuados; suele ejecutarse como usuario con rol SELECT_CATALOG_ROLE)

DESC V$SQL;

SELECT SQL_TEXT, PARSING_SCHEMA_NAME
FROM   V$SQL
WHERE  UPPER(SQL_TEXT) LIKE '%PRODUCTO%'
AND    UPPER(SQL_TEXT) LIKE '%UPDATE%';


/* ================================================================
   FIN DEL SCRIPT DEL TALLER
   ================================================================ */
